住所コード,市区町村名,大字名,字丁目名,街区,地番_戸番,建物名,階数,建物分類,総部屋数,目標物数,個人の家屋数,事業所数,空き部屋数,その他数,目標物比率,個人の家屋比率,事業所比率,空き部屋比率,その他比率,面積,延床面積,目標物総面積,目標物平均面積,個人の家屋総面積,個人の家屋平均面積,空き部屋総面積,空き部屋平均面積,事業所総面積,事業所平均面積,その他総面積,その他平均面積,飲食件数,物販_食品_件数,物販_衣料_件数,物販_日用雑貨_件数,サービス_レンタル_件数,サービス_冠婚葬祭_件数,サービス_生活関連_件数,サービス_自動車_件数,サービス_その他_件数,量販店件数,金融_保険件数,不動産件数,インフラ件数,専門職件数,スポーツ施設件数,娯楽件数,ホテル_旅館件数,医療_福祉件数,公共件数,教育件数,宅配_引越_郵便件数,運輸件数,建設_設備件数,自動車関連件数,協同組合件数,宗教関連件数,一般業件数,経度,緯度,部屋数推定フラグ,地域冷暖房フラグ,地域冷暖房計画区域
13102,中央区,銀座,６丁目,2,11,イルカルディナーレ銀座コリドー店クッチーナイタリア,13,3004,3,0,0,3,0,0,0,0,100,0,0,593.19,7711.47,0,0,0,0,0,0,7711.47,2570.49,0,0,0,0,0,0,0,0,0,0,0,0,0,0,0,0,0,0,0,0,0,0,0,0,0,0,0,0,0,139.7605961,35.6714375,0,,
13102,中央区,銀座,６丁目,4,14,銀座ベルビューホテル,9,2017,2,0,0,2,0,0,0,0,100,0,0,111.49,1003.41,0,0,0,0,0,0,1003.41,501.71,0,0,0,0,0,0,0,0,0,0,0,0,0,0,0,0,0,0,1,0,0,0,0,0,0,0,0,0,0,139.7612222,35.6711503,0,,
13102,中央区,銀座,６丁目,4,7,Ｇ・Ｏ・Ｗｅｓｔｂｌｄｇ．,12,3001,12,0,0,12,0,0,0,0,100,0,0,86.58,1038.96,0,0,0,0,0,0,1038.96,86.58,0,0,2,0,0,1,0,0,1,0,0,0,0,0,0,0,0,0,0,0,0,0,0,0,0,0,0,0,0,139.7614278,35.6711197,0,,
13102,中央区,銀座,６丁目,5,11,丸源第１５ビル,11,1002,30,0,0,6,22,2,0,0,20,73.33,6.67,107.45,1396.85,0,0,0,0,859.6,39.07,322.35,53.73,214.9,107.45,2,0,0,0,0,0,0,0,0,0,0,0,0,0,0,0,0,0,0,0,0,0,0,0,0,0,0,139.7616272,35.6707103,0,,
13102,中央区,銀座,６丁目,5,12,新堀ギタービル銀座,10,3003,14,0,1,13,0,0,0,7.14,92.86,0,0,95.97,1151.64,0,0,47.99,47.99,0,0,1103.66,84.9,0,0,1,0,0,1,0,0,1,0,0,0,0,0,0,0,0,0,0,0,0,0,0,0,0,0,0,0,0,139.7616522,35.6707786,0,,
13102,中央区,銀座,６丁目,6,7,東京銀座朝日ビル,12,3004,17,0,0,15,0,2,0,0,88.24,0,11.76,1273.72,17832.08,0,0,0,0,0,0,15284.64,1018.98,2547.44,1273.72,0,0,0,1,0,0,0,0,0,0,0,0,0,0,0,0,0,0,0,0,0,0,0,0,0,0,0,139.7621969,35.6707628,0,,
13102,中央区,銀座,６丁目,8,7,交詢ビルディング,10,3001,27,0,0,22,0,5,0,0,81.48,0,18.52,1815.64,19972.04,0,0,0,0,0,0,10893.84,495.17,9078.2,1815.64,4,0,1,0,0,0,1,0,0,0,0,0,0,4,0,0,0,0,0,0,0,0,0,0,0,0,0,139.7627803,35.6700944,0,,
13102,中央区,銀座,６丁目,9,6,銀座ヨシノヤ本店ビル,10,3004,13,0,0,13,0,0,0,0,100,0,0,106.36,1169.96,0,0,0,0,0,0,1169.96,90,0,0,0,0,2,0,0,0,0,0,0,0,0,0,0,0,0,0,0,1,0,0,0,0,0,0,0,0,0,139.7633642,35.6699583,0,,
13102,中央区,銀座,６丁目,10,1,ギンザシックス,13,3004,276,1,0,272,0,3,0.36,0,98.55,0,1.09,8260.4,165208,4130.2,4130.2,0,0,0,0,136296.6,501.09,24781.2,8260.4,8,1,13,5,0,0,0,0,0,2,5,1,0,0,0,0,0,0,0,0,0,0,0,0,0,0,2,139.7640481,35.6695739,0,1,銀座五・六丁目
13102,中央区,銀座,６丁目,12,12,ＳＡＫＵＲＡＭＡＲＫＳＧｉｎｚａ６１２,13,3004,14,0,0,12,0,2,0,0,85.71,0,14.29,114.19,1484.47,0,0,0,0,0,0,1256.09,104.67,228.38,114.19,0,0,0,0,0,0,0,0,0,0,0,0,0,0,0,0,0,0,0,0,0,0,0,0,0,0,0,139.7642844,35.6689431,0,1,銀座五・六丁目
13102,中央区,銀座,６丁目,13,16,ヒューリック銀座ウォールビル,12,3003,52,1,0,32,17,2,1.92,0,61.54,32.69,3.85,954.76,14321.4,159.13,159.13,0,0,1707.96,100.47,11308.6,353.39,1145.71,572.86,0,0,0,0,0,0,0,0,0,1,1,2,0,4,0,0,0,0,0,0,0,0,0,0,0,0,4,139.7649114,35.6690372,0,1,銀座五・六丁目
13102,中央区,銀座,６丁目,14,10,コートヤード・マリオット銀座東武ホテル,11,2017,15,0,0,4,0,11,0,0,26.67,0,73.33,1358.25,16299,0,0,0,0,0,0,1358.25,339.56,14940.75,1358.25,0,0,0,0,0,0,0,0,0,0,0,0,0,0,0,0,0,0,0,0,0,0,0,0,0,0,0,139.7649089,35.6684486,0,1,銀座五・六丁目
13102,中央区,銀座,６丁目,15,1,でんぱつビル,15,3004,2,0,0,2,0,0,0,0,100,0,0,1396.31,20944.65,0,0,0,0,0,0,20944.65,10472.33,0,0,0,0,0,0,0,0,0,0,0,0,0,0,1,0,0,0,0,0,0,0,0,0,0,0,0,0,0,139.7662283,35.6682203,0,,
13102,中央区,銀座,６丁目,16,5,銀座さ可井小川ビル,7,3001,11,0,1,10,0,0,0,9.09,90.91,0,0,96.66,676.62,0,0,32.22,32.22,0,0,644.4,64.44,0,0,1,0,0,0,0,0,0,0,0,0,0,0,0,1,0,0,0,1,0,1,0,0,0,0,0,0,0,139.7660525,35.6677178,0,,
13102,中央区,銀座,６丁目,17,1,銀座６丁目―ＳＱＵＡＲＥ,16,3004,19,0,0,2,0,17,0,0,10.53,0,89.47,3524.37,63438.66,0,0,0,0,0,0,5286.56,2643.28,58152.11,3420.71,0,0,0,0,0,0,0,0,0,0,0,1,0,0,0,0,0,0,0,0,0,0,0,0,0,0,0,139.7665492,35.6675333,0,1,東銀座
13102,中央区,銀座,６丁目,18,2,野村不動産銀座ビル,16,3004,22,2,0,5,0,15,9.09,0,22.73,0,68.18,3414.5,64875.5,2276.33,1138.17,0,0,0,0,11381.67,2276.33,51217.5,3414.5,0,0,0,0,0,0,0,0,0,0,0,0,0,0,0,5,0,0,0,0,0,0,0,0,0,0,0,139.7669728,35.6669389,0,1,東銀座
13102,中央区,銀座,７丁目,3,7,ブランエスパ銀座,13,3004,15,0,0,13,0,2,0,0,86.67,0,13.33,254.61,3819.15,0,0,0,0,0,0,3309.93,254.61,509.22,254.61,0,0,1,0,0,0,0,0,0,0,0,0,0,0,0,0,0,1,0,0,0,0,0,0,0,0,0,139.7604647,35.6703111,0,,
13102,中央区,銀座,７丁目,3,5,ヒューリック銀座７丁目ビル,9,3004,23,0,0,20,0,3,0,0,86.96,0,13.04,1280.76,14088.36,0,0,0,0,0,0,12764.91,638.25,1323.45,441.15,0,0,0,0,0,0,0,0,0,0,0,0,0,0,0,0,0,0,0,0,0,0,0,0,0,0,1,139.7608228,35.6706714,0,,
13102,中央区,銀座,７丁目,4,12,銀座メディカルビル,9,3004,22,0,0,22,0,0,0,0,100,0,0,459.33,5052.63,0,0,0,0,0,0,5052.63,229.67,0,0,0,0,0,0,0,0,0,0,0,0,0,0,0,0,0,0,0,0,0,0,0,0,0,0,0,0,0,139.7606981,35.6698022,0,,
13102,中央区,銀座,７丁目,4,17,電通銀座ビル,8,3004,18,0,0,10,0,8,0,0,55.56,0,44.44,648.55,6485.5,0,0,0,0,0,0,2594.2,259.42,3891.3,486.41,0,0,0,0,0,0,0,0,0,0,0,0,0,0,0,0,0,0,0,0,0,0,0,0,0,0,0,139.7612936,35.6703872,0,,
13102,中央区,銀座,７丁目,6,6,丸源第２４ビル,6,3004,8,0,0,1,0,7,0,0,12.5,0,87.5,170.51,1364.08,0,0,0,0,0,0,170.51,170.51,1193.57,170.51,1,0,0,0,0,0,0,0,0,0,0,0,0,0,0,0,0,0,0,0,0,0,0,0,0,0,0,139.7618639,35.6696653,0,,
13102,中央区,銀座,７丁目,6,19,ソワレ・ド・銀座弥生ビル,9,3004,74,0,0,73,0,1,0,0,98.65,0,1.35,415.62,4156.2,0,0,0,0,0,0,3740.58,51.24,415.62,415.62,16,0,0,1,0,0,0,0,0,0,0,0,0,0,0,0,0,0,0,0,0,0,0,0,0,0,0,139.7617758,35.6698286,0,,
13102,中央区,銀座,７丁目,8,1,銀座梅林ビル,13,3004,14,0,0,13,0,1,0,0,92.86,0,7.14,73.91,1034.74,0,0,0,0,0,0,960.83,73.91,73.91,73.91,2,0,0,0,0,0,0,0,0,0,0,0,0,0,0,0,0,1,0,0,0,0,0,0,0,0,0,139.7627311,35.6695372,0,,
13102,中央区,銀座,７丁目,9,20,銀座ライオン七丁目ビル,6,3001,6,0,0,6,0,0,0,0,100,0,0,497.36,2984.16,0,0,0,0,0,0,2984.16,497.36,0,0,3,0,0,0,0,0,0,0,0,0,0,0,0,0,0,0,0,0,0,0,0,0,0,0,0,0,0,139.7632925,35.6691383,0,,
13102,中央区,銀座,７丁目,9,18,ニコラス・Ｇ・ハイエックセンター,14,3004,23,0,0,23,0,0,0,0,100,0,0,448.01,6720.15,0,0,0,0,0,0,6720.15,292.18,0,0,0,0,0,0,0,0,0,0,0,0,0,0,0,0,0,0,0,0,0,0,0,0,0,0,0,0,0,139.7630767,35.6689511,0,,
13102,中央区,銀座,７丁目,9,15,ギンザジーキューブ,12,3004,13,0,0,9,0,4,0,0,69.23,0,30.77,410.63,5338.19,0,0,0,0,0,0,3695.67,410.63,1642.52,410.63,2,0,0,0,0,0,0,0,0,0,0,0,0,0,0,0,0,0,0,0,0,0,0,0,0,0,0,139.7628181,35.6686931,0,,
13102,中央区,銀座,７丁目,10,5,デュープレックス銀座タワー７／１０,13,1002,69,0,2,19,48,0,0,2.9,27.54,69.57,0,250.6,3508.4,0,0,83.53,41.77,2213.63,46.12,1211.23,63.75,0,0,1,0,0,0,0,0,2,0,0,0,0,0,0,0,0,0,0,1,0,0,0,0,0,0,0,0,0,139.7633686,35.6686253,0,,
13102,中央区,銀座,７丁目,10,9,イビススタイルズ東京銀座,13,3004,2,0,0,2,0,0,0,0,100,0,0,244.45,3177.85,0,0,0,0,0,0,3177.85,1588.93,0,0,0,0,0,0,0,0,0,0,0,0,0,0,0,0,0,0,0,0,0,0,0,0,0,0,0,0,0,139.7630353,35.6682808,0,,
13102,中央区,銀座,７丁目,10,5,ランディック第３銀座ビル,9,3003,14,0,1,13,0,0,0,7.14,92.86,0,0,158.42,1584.2,0,0,79.21,79.21,0,0,1504.99,115.77,0,0,0,0,1,0,0,0,0,0,0,0,0,0,0,0,0,0,0,1,0,0,0,0,0,0,0,0,0,139.76355,35.6686719,0,,
13102,中央区,銀座,７丁目,10,1,ＳＴＲＡＴＡＧＩＮＺＡ,13,3004,19,0,0,18,0,1,0,0,94.74,0,5.26,909.98,12739.72,0,0,0,0,0,0,12512.23,695.12,227.5,227.5,2,0,0,0,0,0,1,0,0,0,0,0,0,0,0,0,1,0,0,0,0,0,0,0,0,0,0,139.7635706,35.6688492,0,,
13102,中央区,銀座,７丁目,11,12,ヒューリック銀座花椿通ビル,13,3004,16,0,0,5,0,11,0,0,31.25,0,68.75,506.96,6590.48,0,0,0,0,0,0,1013.92,202.78,5576.56,506.96,1,0,0,0,0,0,0,0,0,0,0,0,0,0,0,0,1,0,0,0,0,0,0,0,0,0,0,139.7632769,35.6681008,0,,
13102,中央区,銀座,７丁目,12,9,ホテルミュッセ銀座名鉄,13,2017,16,0,0,5,0,11,0,0,31.25,0,68.75,581.73,7562.49,0,0,0,0,0,0,1163.46,232.69,6399.03,581.73,0,0,0,0,0,0,0,0,0,1,0,0,0,0,0,0,1,0,0,0,0,0,0,0,0,0,0,139.7635633,35.6678836,0,,
13102,中央区,銀座,７丁目,13,15,銀座菊地ビルディング,8,3004,12,0,0,10,0,2,0,0,83.33,0,16.67,494.27,4448.43,0,0,0,0,0,0,3459.89,345.99,988.54,494.27,0,0,0,0,0,0,0,0,0,0,0,0,0,0,0,0,0,0,0,0,0,0,0,0,0,0,1,139.7637411,35.6676053,0,,
13102,中央区,銀座,７丁目,13,20,銀座ＴＨビル,9,3004,18,0,0,12,0,6,0,0,66.67,0,33.33,712.51,7125.1,0,0,0,0,0,0,3206.3,267.19,3918.81,653.13,2,0,0,0,0,0,0,0,0,0,0,0,0,0,0,0,0,0,0,0,0,0,0,0,0,0,1,139.7644019,35.6680228,0,,
13102,中央区,銀座,７丁目,14,3,松慶ビル,8,3003,16,0,0,15,1,0,0,0,93.75,6.25,0,206.87,1654.96,0,0,0,0,68.96,68.96,1586,105.73,0,0,0,0,0,0,0,0,0,0,0,0,0,0,0,0,0,0,0,0,0,0,0,0,0,0,0,0,0,139.7653372,35.6675717,0,,
13102,中央区,銀座,７丁目,15,11,銀座セブンビルディング,13,3001,16,0,2,12,0,2,0,12.5,75,0,12.5,97.31,1265.03,0,0,145.97,72.98,0,0,924.45,77.04,194.62,97.31,0,0,0,0,0,1,1,0,0,0,1,2,0,0,0,0,0,0,0,0,0,0,1,0,0,0,1,139.7647481,35.6668753,0,,
13102,中央区,銀座,７丁目,16,12,Ｇ―７ビルディング,13,3004,28,0,0,26,0,2,0,0,92.86,0,7.14,1650.67,23109.38,0,0,0,0,0,0,20633.38,793.59,2476.01,1238,0,0,0,0,0,0,0,0,0,0,0,0,0,0,0,0,0,0,0,0,0,0,0,0,0,0,1,139.7655678,35.6666711,0,,
13102,中央区,銀座,７丁目,17,15,オーク銀座木挽町ビル,8,3004,14,0,0,13,0,1,0,0,92.86,0,7.14,357.99,3221.91,0,0,0,0,0,0,2863.92,220.3,357.99,357.99,0,0,0,0,0,0,0,0,0,0,0,2,0,0,0,0,0,0,0,0,0,0,0,0,0,0,0,139.7658536,35.6663392,0,,
13102,中央区,銀座,７丁目,17,14,松岡銀七ビル,9,3004,12,0,0,11,0,1,0,0,91.67,0,8.33,545.4,5454,0,0,0,0,0,0,4908.6,446.24,545.4,545.4,0,0,0,1,0,0,0,0,0,0,0,1,0,0,0,0,0,0,0,0,0,0,0,0,1,0,4,139.7657461,35.6661975,0,,
13102,中央区,銀座,７丁目,17,2,アーク銀座ビルディング,8,3003,31,1,1,29,0,0,3.23,3.23,93.55,0,0,810.89,6487.12,162.18,162.18,135.15,135.15,0,0,6189.79,213.44,0,0,1,0,0,0,0,0,0,0,0,0,0,0,0,2,0,0,0,0,0,0,0,0,0,0,0,0,4,139.7663758,35.6665778,0,,
13102,中央区,銀座,７丁目,18,14,東都銀座ビルヂング,7,3004,7,0,0,1,0,6,0,0,14.29,0,85.71,261.68,1831.76,0,0,0,0,0,0,261.68,261.68,1570.08,261.68,0,0,0,0,0,0,0,0,0,0,0,0,0,0,0,0,0,0,0,0,0,1,0,0,0,0,0,139.766395,35.6661578,0,,
13102,中央区,銀座,８丁目,2,8,京都新聞銀座ビル,9,3004,15,1,0,12,0,2,6.67,0,80,0,13.33,163.03,1793.33,163.03,163.03,0,0,0,0,1412.93,117.74,217.37,108.69,1,0,0,0,0,0,0,0,0,0,0,0,0,0,0,0,0,0,0,0,0,0,0,0,0,0,1,139.7597172,35.6695092,0,,
13102,中央区,銀座,８丁目,2,14,竜王ビル５,6,3004,9,0,0,9,0,0,0,0,100,0,0,69.05,483.35,0,0,0,0,0,0,483.35,53.71,0,0,2,0,0,0,0,0,0,0,0,0,0,0,0,0,0,0,0,0,0,0,0,0,0,0,0,0,0,139.7594117,35.6696333,0,,
13102,中央区,銀座,８丁目,2,1,ニッタビル,10,3004,23,1,0,19,0,3,4.35,0,82.61,0,13.04,704.89,7753.79,70.49,70.49,0,0,0,0,5568.63,293.09,2114.67,704.89,4,0,0,1,0,0,0,0,0,0,0,0,0,0,0,0,0,0,0,1,0,0,0,0,0,0,0,139.7597283,35.6699978,0,,
13102,中央区,銀座,８丁目,2,7,ＮＴＴ銀座ビル,8,3004,5,2,0,3,0,0,40,0,60,0,0,944.34,7554.72,3021.89,1510.94,0,0,0,0,4532.83,1510.94,0,0,0,0,1,0,0,0,0,0,0,0,0,0,0,0,0,0,0,0,0,0,0,0,0,0,0,0,0,139.7599447,35.6697769,0,,
13102,中央区,銀座,８丁目,3,4,ＤＫビル,9,3004,10,0,0,1,0,9,0,0,10,0,90,209.71,2097.1,0,0,0,0,0,0,209.71,209.71,1887.39,209.71,0,0,0,0,0,0,0,0,0,0,0,1,0,0,0,0,0,0,0,0,0,0,0,0,0,0,0,139.7592978,35.6691294,0,,
13102,中央区,銀座,８丁目,4,22,ギンザススムビル,14,3004,2,0,0,2,0,0,0,0,100,0,0,367.23,5141.22,0,0,0,0,0,0,5141.22,2570.61,0,0,0,0,0,0,0,0,0,0,0,0,0,0,0,0,0,0,1,0,0,0,0,0,0,0,0,0,0,139.7599125,35.6690711,0,,
13102,中央区,銀座,８丁目,5,21,かわばたビル新館,7,3001,10,0,0,6,0,4,0,0,60,0,40,131.1,1048.8,0,0,0,0,0,0,524.4,87.4,524.4,131.1,4,0,0,0,0,0,0,0,0,0,0,0,0,0,0,0,0,0,0,0,0,0,0,0,0,0,0,139.7600994,35.6688725,0,,
13102,中央区,銀座,８丁目,5,6,中島商事ビル,9,3001,45,0,0,45,0,0,0,0,100,0,0,603.57,6639.27,0,0,0,0,0,0,6639.27,147.54,0,0,7,0,0,1,0,0,2,0,0,0,0,0,0,3,0,0,0,1,0,0,0,0,0,0,0,0,1,139.7604125,35.6689711,0,,
13102,中央区,銀座,８丁目,5,8,かわばたビル,6,3004,8,0,0,6,0,2,0,0,75,0,25,124.95,874.65,0,0,0,0,0,0,624.75,104.13,249.9,124.95,2,0,0,0,0,0,0,0,0,0,0,0,0,0,0,0,0,0,0,0,0,0,0,0,0,0,0,139.7602256,35.6687828,0,,
13102,中央区,銀座,８丁目,6,18,銀座カレラ弐番館ビル,10,3001,24,0,0,24,0,0,0,0,100,0,0,162.6,1951.2,0,0,0,0,0,0,1951.2,81.3,0,0,9,0,0,0,0,0,1,0,0,0,0,0,0,0,0,0,0,0,0,0,0,0,0,0,0,0,0,139.7603853,35.668505,0,,
13102,中央区,銀座,８丁目,6,15,銀座グランドホテル,11,2017,16,0,0,5,0,11,0,0,31.25,0,68.75,970.49,11645.88,0,0,0,0,0,0,1698.36,339.67,9947.52,904.32,2,0,1,0,0,0,0,0,0,1,0,0,0,0,0,0,1,0,0,0,0,0,0,0,0,0,0,139.7601436,35.6682292,0,,
13102,中央区,銀座,８丁目,7,13,銀座全線座ビル,9,3004,3,0,0,3,0,0,0,0,100,0,0,545.43,4908.87,0,0,0,0,0,0,4908.87,1636.29,0,0,0,0,0,0,0,0,0,0,0,0,0,0,0,0,0,0,2,0,0,0,0,0,0,0,0,0,0,139.7605386,35.6680972,0,,
13102,中央区,銀座,８丁目,7,11,ソワレ・ド銀座第二弥生ビル,9,3004,35,0,0,35,0,0,0,0,100,0,0,211.92,2119.2,0,0,0,0,0,0,2119.2,60.55,0,0,9,0,0,0,0,0,0,0,0,0,0,0,0,0,0,0,0,0,0,0,0,0,0,0,0,0,0,139.7606317,35.6679725,0,,
13102,中央区,銀座,８丁目,7,2,丸源Ｎｏ．２１,9,3003,46,0,1,44,0,1,0,2.17,95.65,0,2.17,97.51,1072.61,0,0,19.5,19.5,0,0,955.6,21.72,97.51,97.51,1,0,0,0,0,0,0,0,0,0,0,0,0,0,0,0,0,0,0,0,0,0,0,0,0,0,0,139.7614822,35.6688664,0,,
13102,中央区,銀座,８丁目,7,22,第２３ポールスタービル銀座ゴルフビル,8,3001,29,0,0,28,0,1,0,0,96.55,0,3.45,298.97,2690.73,0,0,0,0,0,0,2391.76,85.42,298.97,298.97,9,0,1,2,0,0,0,0,0,0,0,0,0,0,0,0,0,0,0,0,0,0,0,0,0,0,0,139.7613717,35.6688856,0,,
13102,中央区,銀座,８丁目,8,3,東京銀座資生堂ビル,11,3001,12,0,0,9,0,3,0,0,75,0,25,270.36,3244.32,0,0,0,0,0,0,2433.24,270.36,811.08,270.36,4,2,0,0,0,0,0,0,0,0,0,0,0,0,0,0,0,0,0,0,0,0,0,0,0,0,0,139.7618803,35.6685606,0,,
13102,中央区,銀座,８丁目,8,11,銀座博品館,8,3001,17,0,0,16,0,1,0,0,94.12,0,5.88,658.67,5928.03,0,0,0,0,0,0,5269.36,329.34,658.67,658.67,2,0,0,3,0,0,0,0,0,0,0,0,0,0,0,1,0,0,0,0,0,0,0,0,0,0,0,139.7609967,35.66789,0,,
13102,中央区,銀座,８丁目,8,7,第３ソワレ・ドビル,9,3001,57,0,0,57,0,0,0,0,100,0,0,312.51,3125.1,0,0,0,0,0,0,3125.1,54.83,0,0,15,0,0,2,0,0,1,0,0,0,0,0,0,0,0,0,0,0,0,0,0,0,0,0,0,0,0,139.7614042,35.6682186,0,,
13102,中央区,銀座,８丁目,8,8,銀座８８８ビル,13,3004,26,0,0,26,0,0,0,0,100,0,0,637.12,8919.68,0,0,0,0,0,0,8919.68,343.06,0,0,6,0,0,0,0,0,0,0,0,0,0,1,0,0,0,0,0,0,0,0,0,0,0,0,0,0,0,139.7613003,35.6681217,0,,
13102,中央区,銀座,８丁目,9,4,ＫＤＸ銀座８丁目ビル,14,3004,3,0,0,3,0,0,0,0,100,0,0,408.76,5722.64,0,0,0,0,0,0,5722.64,1907.55,0,0,0,0,0,0,0,0,0,0,0,0,0,0,0,0,0,0,0,0,0,0,0,0,0,0,0,0,0,139.7623275,35.6681564,0,,
13102,中央区,銀座,８丁目,13,1,銀座三井ビルディング,25,3004,32,0,0,8,0,24,0,0,25,0,75,1791.53,44788.25,0,0,0,0,0,0,1791.53,223.94,42996.72,1791.53,0,0,0,0,0,0,0,0,0,0,0,0,0,0,0,0,1,0,0,0,0,0,0,0,0,0,0,139.7632594,35.6671036,0,,
13102,中央区,銀座,８丁目,15,11,ロリエ銀座,14,1002,27,0,0,0,26,1,0,0,0,96.3,3.7,98.22,1375.08,0,0,0,0,1276.86,49.11,0,0,98.22,98.22,0,0,0,0,0,0,0,0,0,0,0,0,0,0,0,0,0,0,0,0,0,0,0,0,0,0,0,139.7631569,35.6661592,0,,
13102,中央区,銀座,８丁目,16,1,グランスイート銀座レスティモナーク,13,1002,97,0,7,4,86,0,0,7.22,4.12,88.66,0,378.73,4923.49,0,0,312.45,44.64,4083.97,47.49,527.07,131.77,0,0,0,0,0,0,0,0,0,0,0,0,0,0,0,0,0,0,0,0,0,0,0,0,0,0,0,0,0,139.7639111,35.6661447,0,,
13102,中央区,銀座,８丁目,18,14,アネーロ銀座,13,1002,52,0,1,2,46,3,0,1.92,3.85,88.46,5.77,250.13,3251.69,0,0,62.53,62.53,2326.21,50.57,112.56,56.28,750.39,250.13,0,0,0,0,0,0,0,0,0,0,0,0,0,0,0,0,0,0,0,0,0,0,0,0,0,0,0,139.7645583,35.6661703,0,,
13102,中央区,銀座,８丁目,18,7,ＰａｒｋＬＵＸＥ銀座ｍｏｎｏ,13,1002,72,0,0,0,70,2,0,0,0,97.22,2.78,227.53,2957.89,0,0,0,0,2730.36,39.01,0,0,227.53,113.77,0,0,0,0,0,0,0,0,0,0,0,0,0,0,0,0,0,0,0,0,0,0,0,0,0,0,0,139.7648014,35.665985,0,,
13102,中央区,銀座,８丁目,18,2,カスタリア銀座３,14,1002,99,0,2,2,94,1,0,2.02,2.02,94.95,1.01,345.82,4841.48,0,0,76.85,38.42,4341.96,46.19,76.85,38.42,345.82,345.82,0,0,0,0,0,0,0,0,0,0,0,0,0,0,0,0,0,0,0,0,0,0,0,0,0,0,0,139.7648367,35.6662142,0,,
13102,中央区,銀座,８丁目,18,12,ＰＩＡＳＧＩＮＺＡ８ーｃｈｏｍｅ,13,1002,39,0,0,5,33,1,0,0,12.82,84.62,2.56,103.39,1344.07,0,0,0,0,1123.5,34.05,117.18,23.44,103.39,103.39,0,0,0,0,0,0,0,0,0,0,0,0,0,0,0,0,0,0,0,0,0,0,0,0,0,0,0,139.7643633,35.6660814,0,,
13102,中央区,銀座,８丁目,19,4,サンクタス銀座,13,1002,25,0,0,0,24,1,0,0,0,96,4,184.39,2397.07,0,0,0,0,2212.68,92.2,0,0,184.39,184.39,0,0,0,0,0,0,0,0,0,0,0,0,0,0,0,0,0,0,0,0,0,0,0,0,0,0,0,139.7655364,35.6656961,0,,
13102,中央区,銀座,８丁目,20,26,銀座郵便局,8,2021,1,1,0,0,0,0,100,0,0,0,0,3814.27,30514.16,30514.16,30514.16,0,0,0,0,0,0,0,0,0,0,0,0,0,0,0,0,0,0,0,0,0,0,0,0,0,0,0,0,1,0,0,0,0,0,0,139.7646031,35.6647825,0,,
13102,中央区,銀座,８丁目,21,1,住友不動産汐留浜離宮ビル,23,3004,33,1,0,25,0,7,3.03,0,75.76,0,21.21,2737.72,65705.28,912.57,912.57,0,0,0,0,48822.67,1952.91,15970.03,2281.43,0,0,0,0,0,0,0,0,0,0,0,1,0,0,0,0,0,0,0,0,0,0,0,0,0,0,0,139.7640278,35.6642261,0,,
13102,中央区,築地,５丁目,1,1,国立研究開発法人国立がん研究センター中央病院,19,2018,1,1,0,0,0,0,100,0,0,0,0,3425.52,65084.88,65084.88,65084.88,0,0,0,0,0,0,0,0,0,0,0,0,0,0,0,0,0,0,0,0,0,0,0,0,0,1,0,0,0,0,0,0,0,0,0,139.7681194,35.6654978,0,,
13102,中央区,築地,５丁目,3,2,朝日新聞東京本社（本館）,16,3004,29,0,0,9,0,20,0,0,31.03,0,68.97,5160.75,103215,0,0,0,0,0,0,9289.35,1032.15,93925.65,4696.28,1,0,0,0,0,0,0,0,0,0,1,0,0,0,0,0,0,0,0,0,0,0,0,0,0,0,1,139.7665989,35.6642242,0,,
13102,中央区,築地,５丁目,3,3,築地浜離宮ビル,14,3004,33,1,0,28,0,4,3.03,0,84.85,0,12.12,946.84,15149.44,236.71,236.71,0,0,0,0,11835.5,422.7,3077.23,769.31,1,0,0,0,0,0,0,0,0,0,0,1,0,0,0,0,0,1,0,0,0,0,0,0,0,0,2,139.7661736,35.6634517,0,,
13102,中央区,築地,５丁目,3,1,東京国税局,10,3004,2,1,0,1,0,0,50,0,50,0,0,4519.15,45191.5,22595.75,22595.75,0,0,0,0,22595.75,22595.75,0,0,0,0,0,0,0,0,0,0,0,1,0,0,0,0,0,0,0,0,1,0,0,0,0,0,0,0,0,139.7660086,35.6646889,0,,
13102,中央区,築地,５丁目,5,12,浜離宮建設プラザ,10,3004,18,1,0,10,0,7,5.56,0,55.56,0,38.89,1311.22,13112.2,437.07,437.07,0,0,0,0,8741.47,874.15,3933.66,561.95,1,0,0,0,0,0,0,0,0,0,1,2,0,0,0,0,0,0,1,0,0,0,0,0,0,0,3,139.7649664,35.6634158,0,,
13102,中央区,築地,５丁目,6,10,浜離宮パークサイドプレイス,17,3004,44,0,0,39,0,5,0,0,88.64,0,11.36,1879.25,35705.75,0,0,0,0,0,0,29692.15,761.34,6013.6,1202.72,2,0,0,0,0,0,0,0,0,0,1,0,0,0,0,1,0,0,0,0,0,0,0,0,0,0,3,139.7656633,35.6623431,0,,
13102,中央区,築地,５丁目,6,4,浜離宮三井ビルディング,13,3004,28,0,0,23,0,5,0,0,82.14,0,17.86,2228.24,31195.36,0,0,0,0,0,0,22003.87,956.69,9191.49,1838.3,1,0,0,0,0,0,0,0,0,1,0,0,0,0,0,0,0,0,0,0,0,0,0,0,0,0,0,139.7649378,35.6626681,0,,
13102,中央区,日本橋,１丁目,2,10,東洋ビルディング,9,3003,114,0,1,113,0,0,0,0.88,99.12,0,0,548.69,5486.9,0,0,137.17,137.17,0,0,5349.73,47.34,0,0,3,0,0,0,1,1,0,0,0,0,1,2,0,3,0,0,0,1,0,0,0,0,0,0,0,0,2,139.7737267,35.6831519,0,,
13102,中央区,日本橋,１丁目,2,5,榮太樓ビルディング,9,3001,17,1,0,13,0,3,5.88,0,76.47,0,17.65,1821.06,21852.72,1821.06,1821.06,0,0,0,0,15934.28,1225.71,4097.39,1365.8,2,5,0,0,0,0,0,0,0,0,0,2,0,0,0,0,0,0,0,0,0,0,0,0,0,0,1,139.7734036,35.6834011,0,,
13102,中央区,日本橋,１丁目,2,6,黒江屋国分ビル,9,3001,20,0,0,19,0,1,0,0,95,0,5,667.4,6006.6,0,0,0,0,0,0,5839.75,307.36,166.85,166.85,1,1,0,1,0,0,0,0,0,0,2,2,0,0,0,0,0,0,0,0,0,0,0,0,0,0,0,139.7738381,35.6833628,0,,
13102,中央区,日本橋,１丁目,3,13,東京建物日本橋ビル,13,3001,31,1,0,25,0,5,3.23,0,80.65,0,16.13,1764.3,26464.5,252.04,252.04,0,0,0,0,20331.46,813.26,5881,1176.2,2,0,0,1,0,0,0,0,0,0,6,2,0,0,0,0,0,0,0,0,0,0,0,0,0,0,0,139.7732536,35.6830186,0,,
13102,中央区,日本橋,１丁目,3,5,（株）三洋販売,13,3004,4,0,0,4,0,0,0,0,100,0,0,726.33,9442.29,0,0,0,0,0,0,9442.29,2360.57,0,0,0,0,0,0,0,0,0,0,0,0,0,0,0,0,0,0,0,0,0,0,0,0,0,0,0,0,0,139.7727819,35.6832078,0,,
13102,中央区,日本橋,１丁目,4,1,日本橋一丁目三井ビルディング,19,3004,107,2,0,98,0,7,1.87,0,91.59,0,6.54,4599.19,101182.18,2299.6,1149.8,0,0,0,0,90808.45,926.62,8074.13,1153.45,9,1,4,6,0,0,1,0,0,0,3,0,0,1,0,0,0,1,0,0,0,0,0,0,0,0,1,139.7746367,35.6825533,0,,
13102,中央区,日本橋,１丁目,13,1,日鉄日本橋ビル,18,3004,21,0,0,16,0,5,0,0,76.19,0,23.81,1605.55,32111,0,0,0,0,0,0,24083.25,1505.2,8027.75,1605.55,0,0,0,0,0,0,0,0,0,0,1,0,0,0,0,0,0,0,0,0,0,0,0,0,0,0,0,139.7755361,35.6822106,0,,
13102,中央区,日本橋,１丁目,16,7,工装日本橋ビル,9,3004,13,0,0,8,0,5,0,0,61.54,0,38.46,474.26,4268.34,0,0,0,0,0,0,1897.04,237.13,2371.3,474.26,0,0,0,0,0,0,0,0,0,0,0,0,0,0,0,0,0,0,0,0,0,0,0,0,0,0,0,139.7765478,35.6821772,0,,
13102,中央区,日本橋,１丁目,18,9,ガーラ日本橋一丁目,14,1002,54,0,2,2,49,1,0,3.7,3.7,90.74,1.85,127.7,1787.8,0,0,57.47,28.73,1545.17,31.53,57.47,28.73,127.7,127.7,0,0,0,0,0,0,0,0,0,0,0,0,0,0,0,0,0,0,0,0,0,0,0,0,0,0,0,139.7772692,35.6829272,0,,
13102,中央区,日本橋,１丁目,18,1,日本橋郵便局,7,2021,3,1,0,2,0,0,33.33,0,66.67,0,0,2771.31,19399.17,6466.39,6466.39,0,0,0,0,12932.78,6466.39,0,0,0,0,0,0,0,0,0,0,0,0,0,0,0,0,0,0,0,0,0,0,1,0,0,0,0,0,0,139.7772928,35.6832542,0,,
13102,中央区,日本橋,１丁目,19,1,日本橋ダイヤビルディング,18,3004,24,0,0,7,0,17,0,0,29.17,0,70.83,1874.27,33736.86,0,0,0,0,0,0,1874.27,267.75,31862.59,1874.27,0,0,0,0,0,0,0,0,0,0,0,0,0,0,0,3,0,0,0,0,0,0,0,0,0,0,0,139.7777356,35.6838581,0,,
13102,中央区,日本橋,３丁目,4,10,スターツ八重洲中央ビル,8,3001,14,0,0,12,0,2,0,0,85.71,0,14.29,501.18,5011.8,0,0,0,0,0,0,4009.44,334.12,1002.36,501.18,1,0,0,0,0,0,0,0,0,0,0,6,0,0,0,0,0,0,0,0,0,0,0,0,0,0,0,139.7715889,35.6796808,0,,
13102,中央区,日本橋,３丁目,5,13,からくさホテルカラーズ東京八重洲,16,2017,1,0,0,1,0,0,0,0,100,0,0,256.74,4107.84,0,0,0,0,0,0,4107.84,4107.84,0,0,0,0,0,0,0,0,0,0,0,0,0,0,0,0,0,0,0,0,0,0,0,0,0,0,0,0,0,139.7726764,35.6791997,0,,
13102,中央区,日本橋,３丁目,5,9,日本橋八重洲ＤＵＰＬＥＸＰＯＲＴＩＯＮ,14,1002,41,0,0,0,40,1,0,0,0,97.56,2.44,159,2226,0,0,0,0,2146.5,53.66,0,0,79.5,79.5,0,0,0,0,0,0,0,0,0,0,0,2,0,0,0,0,0,0,0,0,0,0,0,1,0,0,0,139.7730836,35.6790461,0,,
13102,中央区,日本橋,３丁目,6,7,ファミール東京グランリッツ,13,1002,129,0,0,1,127,1,0,0,0.78,98.45,0.78,586.15,7619.95,0,0,0,0,7033.8,55.38,293.08,293.08,293.08,293.08,0,1,0,0,0,0,0,0,0,0,0,1,0,2,0,0,0,0,0,0,0,0,2,0,0,0,0,139.7731569,35.6794636,0,,
13102,中央区,日本橋,３丁目,8,2,新日本橋ビルディング,9,3004,30,0,0,29,0,1,0,0,96.67,0,3.33,937.55,9375.5,0,0,0,0,0,0,8437.95,290.96,937.55,937.55,1,0,0,0,0,0,0,0,0,0,3,2,0,1,0,0,0,0,0,0,0,0,0,0,0,0,0,139.7727219,35.6803972,0,,
13102,中央区,日本橋,３丁目,10,5,オンワードパークビルディング,16,3004,24,0,0,22,0,2,0,0,91.67,0,8.33,949.53,15192.48,0,0,0,0,0,0,13293.42,604.25,1899.06,949.53,0,0,0,0,0,0,0,0,0,0,0,0,0,0,0,0,0,0,0,0,0,0,0,0,0,0,0,139.7738608,35.6794264,0,,
13102,中央区,日本橋,３丁目,11,1,ＨＳＢＣ,10,2027,1,0,0,1,0,0,0,0,100,0,0,1168.99,11689.9,0,0,0,0,0,0,11689.9,11689.9,0,0,0,0,0,0,0,0,0,0,0,0,0,0,0,0,0,0,0,0,0,0,0,0,0,0,0,0,0,139.7736183,35.6791233,0,,
13102,中央区,日本橋,３丁目,12,2,朝日ビルヂング,9,3001,32,0,0,30,0,2,0,0,93.75,0,6.25,1972.63,23671.56,0,0,0,0,0,0,19726.3,657.54,3945.26,1972.63,0,0,0,0,0,0,0,0,0,0,1,15,0,0,0,0,0,0,0,0,0,0,0,0,0,0,3,139.7743794,35.6785883,0,,
13102,中央区,日本橋,３丁目,13,11,油脂工業会館,9,3004,25,0,0,24,0,1,0,0,96,0,4,537.86,5378.6,0,0,0,0,0,0,5109.67,212.9,268.93,268.93,0,0,1,0,0,0,0,0,0,0,0,0,0,0,0,0,0,0,0,0,0,0,0,0,0,0,0,139.7746517,35.6792333,0,,
13102,中央区,日本橋,３丁目,14,10,第一三共日本橋ビル,10,3004,16,0,0,7,0,9,0,0,43.75,0,56.25,852.1,8521,0,0,0,0,0,0,852.1,121.73,7668.9,852.1,0,0,0,0,0,0,0,0,0,0,0,0,0,0,0,0,0,0,0,0,0,0,0,0,0,0,0,139.7748542,35.6794033,0,,
13102,中央区,日本橋,３丁目,15,5,第２三木ビル,9,3004,22,0,0,16,0,6,0,0,72.73,0,27.27,435.69,4792.59,0,0,0,0,0,0,3790.5,236.91,1002.09,167.01,0,0,0,0,0,0,0,0,0,0,0,0,0,0,0,0,0,0,0,0,0,0,0,0,0,0,0,139.7750292,35.6787981,0,,
